,reportDate,ZCTA5CE10,cases,total_tested,pop
0,2021-07-14T00:00:00,60002,2055,23552,24058
1,2021-07-14T00:00:00,60004,4131,82628,50639
2,2021-07-14T00:00:00,60005,2636,47487,30079
3,2021-07-14T00:00:00,60007,3203,43331,33161
4,2021-07-14T00:00:00,60008,2618,36478,21663
5,2021-07-14T00:00:00,60010,3442,59612,46455
6,2021-07-14T00:00:00,60012,1042,17718,10647
7,2021-07-14T00:00:00,60013,2135,28944,26454
8,2021-07-14T00:00:00,60014,4489,54632,48063
9,2021-07-14T00:00:00,60015,1982,129487,27529
10,2021-07-14T00:00:00,60016,6757,98956,59291
11,2021-07-14T00:00:00,60018,3709,58714,30037
12,2021-07-14T00:00:00,60020,948,13468,10422
13,2021-07-14T00:00:00,60021,408,6086,5276
14,2021-07-14T00:00:00,60022,505,14648,8471
15,2021-07-14T00:00:00,60025,3442,69745,40935
16,2021-07-14T00:00:00,60026,1099,30746,14021
17,2021-07-14T00:00:00,60029,52,829,476
18,2021-07-14T00:00:00,60030,2819,44868,36125
19,2021-07-14T00:00:00,60031,3312,55008,37545
20,2021-07-14T00:00:00,60033,1599,15834,13703
21,2021-07-14T00:00:00,60034,182,2525,2088
22,2021-07-14T00:00:00,60035,1893,73217,29636
23,2021-07-14T00:00:00,60040,675,14849,5310
24,2021-07-14T00:00:00,60041,831,10821,8659
25,2021-07-14T00:00:00,60042,744,9329,8556
26,2021-07-14T00:00:00,60043,176,4242,2460
27,2021-07-14T00:00:00,60044,769,26508,9990
28,2021-07-14T00:00:00,60045,1418,55346,21134
29,2021-07-14T00:00:00,60046,3120,43316,34596
30,2021-07-14T00:00:00,60047,3601,70512,42608
31,2021-07-14T00:00:00,60048,2075,55892,29033
32,2021-07-14T00:00:00,60050,3150,43241,32565
33,2021-07-14T00:00:00,60051,2325,25263,22808
34,2021-07-14T00:00:00,60053,2422,48260,23089
35,2021-07-14T00:00:00,60056,5194,71515,54524
36,2021-07-14T00:00:00,60060,3711,47555,37544
37,2021-07-14T00:00:00,60061,1905,44028,26967
38,2021-07-14T00:00:00,60062,3329,107921,40686
39,2021-07-14T00:00:00,60064,3115,22663,15490
40,2021-07-14T00:00:00,60067,3539,67346,37840
41,2021-07-14T00:00:00,60068,3642,72183,37433
42,2021-07-14T00:00:00,60069,661,28469,8225
43,2021-07-14T00:00:00,60070,1572,27704,15908
44,2021-07-14T00:00:00,60071,332,3944,3737
45,2021-07-14T00:00:00,60072,63,1004,1051
46,2021-07-14T00:00:00,60073,7428,77819,61592
47,2021-07-14T00:00:00,60074,3758,46793,39217
48,2021-07-14T00:00:00,60076,3395,62851,31788
49,2021-07-14T00:00:00,60077,2785,61258,27626
50,2021-07-14T00:00:00,60081,881,9379,9379
51,2021-07-14T00:00:00,60083,890,13047,10094
52,2021-07-14T00:00:00,60084,1560,24057,16613
53,2021-07-14T00:00:00,60085,9916,120729,70700
54,2021-07-14T00:00:00,60087,3695,36250,26429
55,2021-07-14T00:00:00,60088,804,9395,12816
56,2021-07-14T00:00:00,60089,3032,63867,41014
57,2021-07-14T00:00:00,60090,4409,81168,38553
58,2021-07-14T00:00:00,60091,1792,43492,27165
59,2021-07-14T00:00:00,60093,1662,34066,19409
60,2021-07-14T00:00:00,60096,608,6469,6733
61,2021-07-14T00:00:00,60097,936,11695,10728
62,2021-07-14T00:00:00,60098,3432,52936,32972
63,2021-07-14T00:00:00,60099,3647,54372,30145
64,2021-07-14T00:00:00,60101,5219,47821,38856
65,2021-07-14T00:00:00,60102,2992,37350,32663
66,2021-07-14T00:00:00,60103,4454,61236,41755
67,2021-07-14T00:00:00,60104,2560,29283,18904
68,2021-07-14T00:00:00,60106,2524,31774,20341
69,2021-07-14T00:00:00,60107,4834,59098,39894
70,2021-07-14T00:00:00,60108,2751,46432,22494
71,2021-07-14T00:00:00,60109,65,1008,614
72,2021-07-14T00:00:00,60110,4856,41913,38984
73,2021-07-14T00:00:00,60111,26,322,163
74,2021-07-14T00:00:00,60112,472,5640,4422
75,2021-07-14T00:00:00,60113,45,579,307
76,2021-07-14T00:00:00,60115,4474,85953,45268
77,2021-07-14T00:00:00,60118,1493,18693,16050
78,2021-07-14T00:00:00,60119,996,12447,10119
79,2021-07-14T00:00:00,60120,6683,62928,50573
80,2021-07-14T00:00:00,60123,5918,77089,48948
81,2021-07-14T00:00:00,60124,2429,29617,22074
82,2021-07-14T00:00:00,60126,4852,88071,49027
83,2021-07-14T00:00:00,60129,23,234,286
84,2021-07-14T00:00:00,60130,1272,35151,13927
85,2021-07-14T00:00:00,60131,2615,33031,17834
86,2021-07-14T00:00:00,60133,4989,51467,38113
87,2021-07-14T00:00:00,60134,2703,42729,29458
88,2021-07-14T00:00:00,60135,809,7954,7058
89,2021-07-14T00:00:00,60136,920,10378,7823
90,2021-07-14T00:00:00,60137,3510,54637,37760
91,2021-07-14T00:00:00,60139,4126,41746,34160
92,2021-07-14T00:00:00,60140,2090,24652,18568
93,2021-07-14T00:00:00,60141,80,4019,302
94,2021-07-14T00:00:00,60142,2497,38303,28647
95,2021-07-14T00:00:00,60143,1238,18197,11222
96,2021-07-14T00:00:00,60144,11,200,56
97,2021-07-14T00:00:00,60145,222,2182,2756
98,2021-07-14T00:00:00,60146,270,2875,2390
99,2021-07-14T00:00:00,60148,4848,83767,52588
100,2021-07-14T00:00:00,60150,125,1800,1934
101,2021-07-14T00:00:00,60151,354,4120,4075
102,2021-07-14T00:00:00,60152,1195,13589,12186
103,2021-07-14T00:00:00,60153,2784,32080,23578
104,2021-07-14T00:00:00,60154,1776,26200,16440
105,2021-07-14T00:00:00,60155,921,11650,7755
106,2021-07-14T00:00:00,60156,2741,31600,28809
107,2021-07-14T00:00:00,60157,240,2981,2970
108,2021-07-14T00:00:00,60160,3736,33141,25666
109,2021-07-14T00:00:00,60162,1549,22694,8176
110,2021-07-14T00:00:00,60163,680,7393,5103
111,2021-07-14T00:00:00,60164,3244,42271,21228
112,2021-07-14T00:00:00,60165,735,4912,4894
113,2021-07-14T00:00:00,60169,3274,45286,33373
114,2021-07-14T00:00:00,60171,1285,13258,10076
115,2021-07-14T00:00:00,60172,2574,31679,24371
116,2021-07-14T00:00:00,60173,1055,17047,12610
117,2021-07-14T00:00:00,60174,3288,50206,31219
118,2021-07-14T00:00:00,60175,2745,44446,26298
119,2021-07-14T00:00:00,60176,1553,13905,11621
120,2021-07-14T00:00:00,60177,2909,44535,23310
121,2021-07-14T00:00:00,60178,2054,26587,22374
122,2021-07-14T00:00:00,60180,132,1523,1813
123,2021-07-14T00:00:00,60181,3124,40691,28755
124,2021-07-14T00:00:00,60184,258,2909,2428
125,2021-07-14T00:00:00,60185,4715,54987,36100
126,2021-07-14T00:00:00,60187,2511,66414,29976
127,2021-07-14T00:00:00,60188,4796,56503,42214
128,2021-07-14T00:00:00,60189,2510,41550,29999
129,2021-07-14T00:00:00,60190,1198,15921,11375
130,2021-07-14T00:00:00,60191,1784,19999,14021
131,2021-07-14T00:00:00,60192,1155,19258,15467
132,2021-07-14T00:00:00,60193,3419,55762,39646
133,2021-07-14T00:00:00,60194,1668,32959,19525
134,2021-07-14T00:00:00,60195,359,5358,5020
135,2021-07-14T00:00:00,60201,2783,166786,41884
136,2021-07-14T00:00:00,60202,2198,67683,32703
137,2021-07-14T00:00:00,60203,290,7369,4397
138,2021-07-14T00:00:00,60301,218,5498,2831
139,2021-07-14T00:00:00,60302,2117,60522,31620
140,2021-07-14T00:00:00,60304,1047,28393,17782
141,2021-07-14T00:00:00,60305,837,18089,10970
142,2021-07-14T00:00:00,60401,892,20235,7990
143,2021-07-14T00:00:00,60402,8925,89232,62960
144,2021-07-14T00:00:00,60403,1944,79593,18653
145,2021-07-14T00:00:00,60404,2180,27609,19028
146,2021-07-14T00:00:00,60406,3246,35736,25338
147,2021-07-14T00:00:00,60407,154,2015,1597
148,2021-07-14T00:00:00,60408,638,7281,5528
149,2021-07-14T00:00:00,60409,4001,49682,36658
150,2021-07-14T00:00:00,60410,1495,16248,12965
151,2021-07-14T00:00:00,60411,6319,98972,57603
152,2021-07-14T00:00:00,60415,1369,21170,14123
153,2021-07-14T00:00:00,60416,1134,12393,9083
154,2021-07-14T00:00:00,60417,1614,36112,15073
155,2021-07-14T00:00:00,60419,2298,50491,22436
156,2021-07-14T00:00:00,60420,604,13668,4846
157,2021-07-14T00:00:00,60421,333,4188,3810
158,2021-07-14T00:00:00,60422,832,14848,9941
159,2021-07-14T00:00:00,60423,3680,40684,31418
160,2021-07-14T00:00:00,60424,218,2704,2326
161,2021-07-14T00:00:00,60425,968,17127,8842
162,2021-07-14T00:00:00,60426,2979,39396,28683
163,2021-07-14T00:00:00,60428,1215,17086,12180
164,2021-07-14T00:00:00,60429,1552,27428,15108
165,2021-07-14T00:00:00,60430,1796,35906,19691
166,2021-07-14T00:00:00,60431,3350,37473,24202
167,2021-07-14T00:00:00,60432,2747,23265,20062
168,2021-07-14T00:00:00,60433,2054,24638,16398
169,2021-07-14T00:00:00,60435,5806,80929,49390
170,2021-07-14T00:00:00,60436,2232,34504,17903
171,2021-07-14T00:00:00,60437,19,275,164
172,2021-07-14T00:00:00,60438,3536,40332,28633
173,2021-07-14T00:00:00,60439,2604,44264,23435
174,2021-07-14T00:00:00,60440,6143,90989,52273
175,2021-07-14T00:00:00,60441,3826,41780,35583
176,2021-07-14T00:00:00,60442,1281,13370,10679
177,2021-07-14T00:00:00,60443,2179,32183,21554
178,2021-07-14T00:00:00,60444,174,2018,1861
179,2021-07-14T00:00:00,60445,2056,31822,25810
180,2021-07-14T00:00:00,60446,4993,58400,40118
181,2021-07-14T00:00:00,60447,1660,19581,13856
182,2021-07-14T00:00:00,60448,2676,30549,26220
183,2021-07-14T00:00:00,60449,841,10682,9362
184,2021-07-14T00:00:00,60450,2431,30796,20906
185,2021-07-14T00:00:00,60451,3704,42832,35622
186,2021-07-14T00:00:00,60452,3128,33316,28008
187,2021-07-14T00:00:00,60453,6243,88661,55966
188,2021-07-14T00:00:00,60455,1965,28202,16144
189,2021-07-14T00:00:00,60456,431,5746,4272
190,2021-07-14T00:00:00,60457,1399,17618,13816
191,2021-07-14T00:00:00,60458,1543,19113,15197
192,2021-07-14T00:00:00,60459,3428,35377,28709
193,2021-07-14T00:00:00,60460,177,2876,1397
194,2021-07-14T00:00:00,60461,383,6453,4716
195,2021-07-14T00:00:00,60462,4225,55660,39784
196,2021-07-14T00:00:00,60463,1670,31788,14798
197,2021-07-14T00:00:00,60464,946,14645,9662
198,2021-07-14T00:00:00,60465,1939,23931,17345
199,2021-07-14T00:00:00,60466,2350,41079,21909
200,2021-07-14T00:00:00,60467,2613,36590,26861
201,2021-07-14T00:00:00,60468,724,6808,6005
202,2021-07-14T00:00:00,60469,833,7128,5795
203,2021-07-14T00:00:00,60470,45,882,542
204,2021-07-14T00:00:00,60471,1309,29522,13917
205,2021-07-14T00:00:00,60472,445,14888,4904
206,2021-07-14T00:00:00,60473,2623,54530,22088
207,2021-07-14T00:00:00,60474,95,1047,824
208,2021-07-14T00:00:00,60475,943,10647,9664
209,2021-07-14T00:00:00,60476,269,3080,2550
210,2021-07-14T00:00:00,60477,4021,47916,37542
211,2021-07-14T00:00:00,60478,1749,31571,16769
212,2021-07-14T00:00:00,60479,57,870,925
213,2021-07-14T00:00:00,60480,554,7249,5151
214,2021-07-14T00:00:00,60481,1320,19882,11809
215,2021-07-14T00:00:00,60482,1015,11164,10849
216,2021-07-14T00:00:00,60484,652,9270,6423
217,2021-07-14T00:00:00,60487,2846,31422,26736
218,2021-07-14T00:00:00,60490,2034,30145,22158
219,2021-07-14T00:00:00,60491,2472,31696,22735
220,2021-07-14T00:00:00,60501,1490,12246,11874
221,2021-07-14T00:00:00,60502,1789,27469,21911
222,2021-07-14T00:00:00,60503,1385,21079,17207
223,2021-07-14T00:00:00,60504,3662,49225,39070
224,2021-07-14T00:00:00,60505,9122,81108,74726
225,2021-07-14T00:00:00,60506,6862,91372,55542
226,2021-07-14T00:00:00,60510,2440,37670,29332
227,2021-07-14T00:00:00,60511,131,1748,1805
228,2021-07-14T00:00:00,60512,100,1283,1010
229,2021-07-14T00:00:00,60513,1936,29374,18753
230,2021-07-14T00:00:00,60514,968,13910,9943
231,2021-07-14T00:00:00,60515,2431,40588,28290
232,2021-07-14T00:00:00,60516,2382,41140,29208
233,2021-07-14T00:00:00,60517,3076,46486,32390
234,2021-07-14T00:00:00,60518,290,3851,3715
235,2021-07-14T00:00:00,60519,16,161,24
236,2021-07-14T00:00:00,60520,248,3368,2855
237,2021-07-14T00:00:00,60521,1823,31172,18415
238,2021-07-14T00:00:00,60523,991,19419,10081
239,2021-07-14T00:00:00,60525,3394,65057,30474
240,2021-07-14T00:00:00,60526,1244,32171,13451
241,2021-07-14T00:00:00,60527,2967,54589,28534
242,2021-07-14T00:00:00,60530,45,865,483
243,2021-07-14T00:00:00,60531,180,2001,1792
244,2021-07-14T00:00:00,60532,2140,43627,27956
245,2021-07-14T00:00:00,60534,1329,13483,10452
246,2021-07-14T00:00:00,60536,16,183,139
247,2021-07-14T00:00:00,60537,50,546,573
248,2021-07-14T00:00:00,60538,3278,35799,29343
249,2021-07-14T00:00:00,60539,34,454,223
250,2021-07-14T00:00:00,60540,3205,73410,45187
251,2021-07-14T00:00:00,60541,304,3071,3667
252,2021-07-14T00:00:00,60542,1816,27692,18191
253,2021-07-14T00:00:00,60543,3776,51147,40293
254,2021-07-14T00:00:00,60544,2896,45180,27426
255,2021-07-14T00:00:00,60545,1665,16481,13699
256,2021-07-14T00:00:00,60546,1613,33728,15405
257,2021-07-14T00:00:00,60548,1357,15873,12054
258,2021-07-14T00:00:00,60549,59,812,190
259,2021-07-14T00:00:00,60550,132,2167,1553
260,2021-07-14T00:00:00,60551,780,35145,5284
261,2021-07-14T00:00:00,60552,430,4503,4348
262,2021-07-14T00:00:00,60553,54,450,688
263,2021-07-14T00:00:00,60554,1060,14194,12194
264,2021-07-14T00:00:00,60555,1486,17589,13273
265,2021-07-14T00:00:00,60556,134,1813,2124
266,2021-07-14T00:00:00,60558,1332,19528,13272
267,2021-07-14T00:00:00,60559,2358,44994,24384
268,2021-07-14T00:00:00,60560,2703,35656,25140
269,2021-07-14T00:00:00,60561,2003,28675,22955
270,2021-07-14T00:00:00,60563,3405,76346,37705
271,2021-07-14T00:00:00,60564,3523,60894,42425
272,2021-07-14T00:00:00,60565,2895,51354,40560
273,2021-07-14T00:00:00,60585,2388,33692,23875
274,2021-07-14T00:00:00,60586,5467,61540,47495
275,2021-07-14T00:00:00,60601,1109,33394,15083
276,2021-07-14T00:00:00,60602,111,3688,1145
277,2021-07-14T00:00:00,60603,83,3200,1052
278,2021-07-14T00:00:00,60604,117,5603,823
279,2021-07-14T00:00:00,60605,1990,53784,29060
280,2021-07-14T00:00:00,60606,325,11208,3287
281,2021-07-14T00:00:00,60607,2736,76359,29293
282,2021-07-14T00:00:00,60608,8220,125492,80059
283,2021-07-14T00:00:00,60609,7445,90852,60939
284,2021-07-14T00:00:00,60610,3630,85858,40548
285,2021-07-14T00:00:00,60611,2349,64876,33224
286,2021-07-14T00:00:00,60612,3657,98204,33735
287,2021-07-14T00:00:00,60613,3944,105203,50761
288,2021-07-14T00:00:00,60614,6000,162098,71954
289,2021-07-14T00:00:00,60615,2509,94248,40590
290,2021-07-14T00:00:00,60616,3886,96733,54197
291,2021-07-14T00:00:00,60617,8381,105650,83553
292,2021-07-14T00:00:00,60618,8665,148562,94907
293,2021-07-14T00:00:00,60619,5051,89847,61207
294,2021-07-14T00:00:00,60620,5800,101013,67711
295,2021-07-14T00:00:00,60621,2439,39258,28018
296,2021-07-14T00:00:00,60622,5290,113765,53294
297,2021-07-14T00:00:00,60623,11242,115963,81283
298,2021-07-14T00:00:00,60624,3533,63369,34892
299,2021-07-14T00:00:00,60625,7245,130047,79444
300,2021-07-14T00:00:00,60626,4487,149175,50544
301,2021-07-14T00:00:00,60628,5667,90819,64254
302,2021-07-14T00:00:00,60629,17549,139257,110029
303,2021-07-14T00:00:00,60630,5927,80044,56433
304,2021-07-14T00:00:00,60631,3300,57353,29529
305,2021-07-14T00:00:00,60632,13545,108942,89857
306,2021-07-14T00:00:00,60633,1902,29588,12689
307,2021-07-14T00:00:00,60634,10626,120737,75082
308,2021-07-14T00:00:00,60636,3495,43923,30024
309,2021-07-14T00:00:00,60637,3744,160896,47300
310,2021-07-14T00:00:00,60638,8117,76330,58669
311,2021-07-14T00:00:00,60639,14739,132906,88204
312,2021-07-14T00:00:00,60640,4980,138785,69363
313,2021-07-14T00:00:00,60641,9201,120907,69880
314,2021-07-14T00:00:00,60642,2102,39601,19716
315,2021-07-14T00:00:00,60643,4645,100347,48887
316,2021-07-14T00:00:00,60644,4709,117448,46591
317,2021-07-14T00:00:00,60645,4942,85277,47270
318,2021-07-14T00:00:00,60646,2833,48656,28569
319,2021-07-14T00:00:00,60647,9048,166641,87633
320,2021-07-14T00:00:00,60649,3709,76187,46633
321,2021-07-14T00:00:00,60651,8089,93500,63492
322,2021-07-14T00:00:00,60652,5519,58992,43447
323,2021-07-14T00:00:00,60653,2832,59922,33154
324,2021-07-14T00:00:00,60654,2123,43611,20022
325,2021-07-14T00:00:00,60655,3527,42796,28569
326,2021-07-14T00:00:00,60656,3277,38767,28218
327,2021-07-14T00:00:00,60657,5567,134772,70958
328,2021-07-14T00:00:00,60659,4243,59198,42735
329,2021-07-14T00:00:00,60660,2958,91819,44498
330,2021-07-14T00:00:00,60661,874,20119,10354
331,2021-07-14T00:00:00,60706,3159,39580,23114
332,2021-07-14T00:00:00,60707,5659,77597,43093
333,2021-07-14T00:00:00,60712,2290,31393,12434
334,2021-07-14T00:00:00,60714,3937,81991,29520
335,2021-07-14T00:00:00,60803,2404,24927,22405
336,2021-07-14T00:00:00,60804,13551,113209,82383
337,2021-07-14T00:00:00,60805,2201,36482,19479
338,2021-07-14T00:00:00,60827,2138,30206,28483
339,2021-07-14T00:00:00,60901,5287,108175,35407
340,2021-07-14T00:00:00,60910,46,1218,575
341,2021-07-14T00:00:00,60911,171,2858,1311
342,2021-07-14T00:00:00,60912,47,529,502
343,2021-07-14T00:00:00,60913,187,2301,1413
344,2021-07-14T00:00:00,60914,3804,53795,29797
345,2021-07-14T00:00:00,60915,1344,21524,10278
346,2021-07-14T00:00:00,60917,60,814,538
347,2021-07-14T00:00:00,60918,76,1370,717
348,2021-07-14T00:00:00,60919,40,754,482
349,2021-07-14T00:00:00,60920,17,463,169
350,2021-07-14T00:00:00,60921,152,2561,1512
351,2021-07-14T00:00:00,60922,273,3663,2576
352,2021-07-14T00:00:00,60924,195,2192,1515
353,2021-07-14T00:00:00,60926,6,122,42
354,2021-07-14T00:00:00,60927,281,7056,2053
355,2021-07-14T00:00:00,60928,79,923,675
356,2021-07-14T00:00:00,60929,84,1402,707
357,2021-07-14T00:00:00,60930,101,7495,985
358,2021-07-14T00:00:00,60931,66,848,591
359,2021-07-14T00:00:00,60932,15,139,61
360,2021-07-14T00:00:00,60933,33,498,272
361,2021-07-14T00:00:00,60934,35,537,233
362,2021-07-14T00:00:00,60935,142,1270,1229
363,2021-07-14T00:00:00,60936,627,10529,4074
364,2021-07-14T00:00:00,60938,300,5070,1975
365,2021-07-14T00:00:00,60940,300,3537,3170
366,2021-07-14T00:00:00,60941,232,3036,2200
367,2021-07-14T00:00:00,60942,757,10682,5898
368,2021-07-14T00:00:00,60945,15,184,179
369,2021-07-14T00:00:00,60946,36,699,404
370,2021-07-14T00:00:00,60948,175,2667,1570
371,2021-07-14T00:00:00,60949,57,1381,488
372,2021-07-14T00:00:00,60950,1483,34992,11592
373,2021-07-14T00:00:00,60951,77,1315,803
374,2021-07-14T00:00:00,60952,79,1134,657
375,2021-07-14T00:00:00,60953,223,2832,2425
376,2021-07-14T00:00:00,60954,775,12552,5820
377,2021-07-14T00:00:00,60955,281,4577,1655
378,2021-07-14T00:00:00,60957,790,12808,5311
379,2021-07-14T00:00:00,60958,177,2745,1709
380,2021-07-14T00:00:00,60959,137,1886,1081
381,2021-07-14T00:00:00,60960,81,1287,1036
382,2021-07-14T00:00:00,60961,67,1103,786
383,2021-07-14T00:00:00,60962,54,859,539
384,2021-07-14T00:00:00,60963,202,2692,1715
385,2021-07-14T00:00:00,60964,561,7684,4857
386,2021-07-14T00:00:00,60966,121,2076,1541
387,2021-07-14T00:00:00,60968,40,539,474
388,2021-07-14T00:00:00,60969,13,137,78
389,2021-07-14T00:00:00,60970,702,10026,6753
390,2021-07-14T00:00:00,60973,56,626,345
391,2021-07-14T00:00:00,60974,17,342,211
392,2021-07-14T00:00:00,61001,95,926,1074
393,2021-07-14T00:00:00,61006,173,1524,1841
394,2021-07-14T00:00:00,61007,49,568,502
395,2021-07-14T00:00:00,61008,4618,46616,33935
396,2021-07-14T00:00:00,61010,1048,12241,7650
397,2021-07-14T00:00:00,61011,312,3533,2497
398,2021-07-14T00:00:00,61012,235,2367,2496
399,2021-07-14T00:00:00,61013,77,703,456
400,2021-07-14T00:00:00,61014,85,1039,989
401,2021-07-14T00:00:00,61015,93,907,1049
402,2021-07-14T00:00:00,61016,575,5582,4627
403,2021-07-14T00:00:00,61018,112,1019,962
404,2021-07-14T00:00:00,61019,348,3571,3309
405,2021-07-14T00:00:00,61020,372,3426,3040
406,2021-07-14T00:00:00,61021,2937,94328,22848
407,2021-07-14T00:00:00,61024,288,3005,2465
408,2021-07-14T00:00:00,61025,308,2585,4654
409,2021-07-14T00:00:00,61028,131,1612,1986
410,2021-07-14T00:00:00,61030,248,3395,2249
411,2021-07-14T00:00:00,61031,212,2310,1569
412,2021-07-14T00:00:00,61032,3195,48225,29702
413,2021-07-14T00:00:00,61036,502,10087,6414
414,2021-07-14T00:00:00,61037,22,172,64
415,2021-07-14T00:00:00,61038,135,1155,1280
416,2021-07-14T00:00:00,61039,95,908,953
417,2021-07-14T00:00:00,61041,108,1226,1162
418,2021-07-14T00:00:00,61042,59,640,625
419,2021-07-14T00:00:00,61043,18,132,121
420,2021-07-14T00:00:00,61044,23,139,272
421,2021-07-14T00:00:00,61046,275,2890,2330
422,2021-07-14T00:00:00,61047,171,2128,1669
423,2021-07-14T00:00:00,61048,479,6699,3807
424,2021-07-14T00:00:00,61049,35,383,543
425,2021-07-14T00:00:00,61050,29,311,455
426,2021-07-14T00:00:00,61051,159,1409,1634
427,2021-07-14T00:00:00,61052,124,981,846
428,2021-07-14T00:00:00,61053,243,5078,2681
429,2021-07-14T00:00:00,61054,384,9799,3657
430,2021-07-14T00:00:00,61059,24,116,202
431,2021-07-14T00:00:00,61060,130,1333,1357
432,2021-07-14T00:00:00,61061,783,8898,6434
433,2021-07-14T00:00:00,61062,204,1507,1842
434,2021-07-14T00:00:00,61063,421,4591,4503
435,2021-07-14T00:00:00,61064,435,5903,3916
436,2021-07-14T00:00:00,61065,1260,12831,10700
437,2021-07-14T00:00:00,61067,76,671,733
438,2021-07-14T00:00:00,61068,1923,16258,14246
439,2021-07-14T00:00:00,61070,112,929,1374
440,2021-07-14T00:00:00,61071,1685,15333,13982
441,2021-07-14T00:00:00,61072,1303,14836,11345
442,2021-07-14T00:00:00,61073,2283,25894,19501
443,2021-07-14T00:00:00,61074,436,6419,4238
444,2021-07-14T00:00:00,61075,99,888,976
445,2021-07-14T00:00:00,61077,10,135,33
446,2021-07-14T00:00:00,61078,124,1389,1299
447,2021-07-14T00:00:00,61080,1302,12419,10479
448,2021-07-14T00:00:00,61081,2882,34587,21121
449,2021-07-14T00:00:00,61084,334,3113,3061
450,2021-07-14T00:00:00,61085,364,3542,3352
451,2021-07-14T00:00:00,61087,167,1176,1563
452,2021-07-14T00:00:00,61088,695,7445,6216
453,2021-07-14T00:00:00,61089,70,609,739
454,2021-07-14T00:00:00,61091,8,64,67
455,2021-07-14T00:00:00,61101,2241,34294,19242
456,2021-07-14T00:00:00,61102,2280,22616,17721
457,2021-07-14T00:00:00,61103,2717,40994,23512
458,2021-07-14T00:00:00,61104,2054,22416,19492
459,2021-07-14T00:00:00,61107,3706,62571,30116
460,2021-07-14T00:00:00,61108,3717,52578,28205
461,2021-07-14T00:00:00,61109,3213,33437,26910
462,2021-07-14T00:00:00,61111,2854,39918,23260
463,2021-07-14T00:00:00,61112,27,1112,62
464,2021-07-14T00:00:00,61114,1911,30644,15958
465,2021-07-14T00:00:00,61115,2656,30972,22502
466,2021-07-14T00:00:00,61201,3908,59045,38024
467,2021-07-14T00:00:00,61230,128,944,1037
468,2021-07-14T00:00:00,61231,552,8617,5216
469,2021-07-14T00:00:00,61232,164,1696,1318
470,2021-07-14T00:00:00,61234,120,1722,1230
471,2021-07-14T00:00:00,61235,120,1983,1498
472,2021-07-14T00:00:00,61236,10,131,98
473,2021-07-14T00:00:00,61238,277,3590,3369
474,2021-07-14T00:00:00,61239,86,1345,1122
475,2021-07-14T00:00:00,61240,589,7242,5842
476,2021-07-14T00:00:00,61241,716,9125,7035
477,2021-07-14T00:00:00,61242,97,1103,1322
478,2021-07-14T00:00:00,61243,19,122,241
479,2021-07-14T00:00:00,61244,2704,58681,23361
480,2021-07-14T00:00:00,61250,284,2781,2489
481,2021-07-14T00:00:00,61251,38,332,357
482,2021-07-14T00:00:00,61252,577,4555,5293
483,2021-07-14T00:00:00,61254,1080,17314,11003
484,2021-07-14T00:00:00,61256,187,2341,2088
485,2021-07-14T00:00:00,61257,88,1429,1112
486,2021-07-14T00:00:00,61258,20,275,184
487,2021-07-14T00:00:00,61259,73,871,1158
488,2021-07-14T00:00:00,61260,59,674,964
489,2021-07-14T00:00:00,61261,103,1060,903
490,2021-07-14T00:00:00,61262,71,786,1039
491,2021-07-14T00:00:00,61263,67,961,743
492,2021-07-14T00:00:00,61264,999,11782,10485
493,2021-07-14T00:00:00,61265,4567,58298,43472
494,2021-07-14T00:00:00,61270,896,7500,6938
495,2021-07-14T00:00:00,61272,99,1106,1170
496,2021-07-14T00:00:00,61273,326,3616,3176
497,2021-07-14T00:00:00,61274,21,347,267
498,2021-07-14T00:00:00,61275,462,5150,4710
499,2021-07-14T00:00:00,61276,13,151,63
500,2021-07-14T00:00:00,61277,467,9377,3225
501,2021-07-14T00:00:00,61278,52,559,514
502,2021-07-14T00:00:00,61279,83,1050,909
503,2021-07-14T00:00:00,61281,281,2964,2460
504,2021-07-14T00:00:00,61282,896,13302,7732
505,2021-07-14T00:00:00,61283,125,1528,1909
506,2021-07-14T00:00:00,61284,220,2471,1973
507,2021-07-14T00:00:00,61285,496,5126,1650
508,2021-07-14T00:00:00,61301,1194,20912,9807
509,2021-07-14T00:00:00,61310,391,4081,3825
510,2021-07-14T00:00:00,61311,29,265,226
511,2021-07-14T00:00:00,61312,38,507,485
512,2021-07-14T00:00:00,61313,37,391,203
513,2021-07-14T00:00:00,61314,91,894,952
514,2021-07-14T00:00:00,61315,23,341,240
515,2021-07-14T00:00:00,61316,30,762,250
516,2021-07-14T00:00:00,61317,43,605,405
517,2021-07-14T00:00:00,61318,52,558,774
518,2021-07-14T00:00:00,61319,119,2103,1440
519,2021-07-14T00:00:00,61320,50,857,681
520,2021-07-14T00:00:00,61321,36,430,312
521,2021-07-14T00:00:00,61322,225,1705,1601
522,2021-07-14T00:00:00,61325,106,1459,1062
523,2021-07-14T00:00:00,61326,216,2367,2314
524,2021-07-14T00:00:00,61327,102,2270,1278
525,2021-07-14T00:00:00,61329,146,1680,1211
526,2021-07-14T00:00:00,61330,154,1748,1395
527,2021-07-14T00:00:00,61333,57,730,383
528,2021-07-14T00:00:00,61334,81,649,722
529,2021-07-14T00:00:00,61335,41,644,403
530,2021-07-14T00:00:00,61336,35,675,484
531,2021-07-14T00:00:00,61337,66,636,458
532,2021-07-14T00:00:00,61338,40,395,226
533,2021-07-14T00:00:00,61340,22,653,263
534,2021-07-14T00:00:00,61341,858,13550,8053
535,2021-07-14T00:00:00,61342,1335,12922,8435
536,2021-07-14T00:00:00,61344,39,316,364
537,2021-07-14T00:00:00,61345,82,857,720
538,2021-07-14T00:00:00,61348,511,7905,4520
539,2021-07-14T00:00:00,61349,95,1207,948
540,2021-07-14T00:00:00,61350,2620,42532,24182
541,2021-07-14T00:00:00,61353,121,1360,1191
542,2021-07-14T00:00:00,61354,1331,18578,10531
543,2021-07-14T00:00:00,61356,1240,17712,10627
544,2021-07-14T00:00:00,61358,42,537,293
545,2021-07-14T00:00:00,61359,34,390,330
546,2021-07-14T00:00:00,61360,339,3777,3050
547,2021-07-14T00:00:00,61361,128,1503,1198
548,2021-07-14T00:00:00,61362,753,12271,5550
549,2021-07-14T00:00:00,61363,31,228,287
550,2021-07-14T00:00:00,61364,2273,36413,18908
551,2021-07-14T00:00:00,61367,92,797,759
552,2021-07-14T00:00:00,61368,107,1376,1366
553,2021-07-14T00:00:00,61369,236,6549,1525
554,2021-07-14T00:00:00,61370,112,1700,1504
555,2021-07-14T00:00:00,61372,17,374,151
556,2021-07-14T00:00:00,61373,215,2565,2153
557,2021-07-14T00:00:00,61375,73,1359,1136
558,2021-07-14T00:00:00,61376,255,3657,2018
559,2021-07-14T00:00:00,61377,140,1629,1393
560,2021-07-14T00:00:00,61378,33,305,325
561,2021-07-14T00:00:00,61379,133,1383,1291
562,2021-07-14T00:00:00,61401,3685,65067,32937
563,2021-07-14T00:00:00,61410,357,4791,3921
564,2021-07-14T00:00:00,61411,34,516,397
565,2021-07-14T00:00:00,61412,141,1353,1400
566,2021-07-14T00:00:00,61413,79,944,932
567,2021-07-14T00:00:00,61414,52,844,958
568,2021-07-14T00:00:00,61415,193,1805,1954
569,2021-07-14T00:00:00,61416,15,376,256
570,2021-07-14T00:00:00,61417,23,246,277
571,2021-07-14T00:00:00,61418,45,502,576
572,2021-07-14T00:00:00,61419,10,127,118
573,2021-07-14T00:00:00,61420,92,1317,1172
574,2021-07-14T00:00:00,61421,128,1722,1481
575,2021-07-14T00:00:00,61422,409,5114,3175
576,2021-07-14T00:00:00,61423,58,546,639
577,2021-07-14T00:00:00,61424,11,150,119
578,2021-07-14T00:00:00,61425,26,331,435
579,2021-07-14T00:00:00,61426,7,93,147
580,2021-07-14T00:00:00,61427,232,5584,2174
581,2021-07-14T00:00:00,61428,106,1304,1071
582,2021-07-14T00:00:00,61430,79,916,654
583,2021-07-14T00:00:00,61431,35,683,252
584,2021-07-14T00:00:00,61432,51,1292,675
585,2021-07-14T00:00:00,61433,18,138,128
586,2021-07-14T00:00:00,61434,297,4000,2876
587,2021-07-14T00:00:00,61435,19,177,23
588,2021-07-14T00:00:00,61436,75,874,732
589,2021-07-14T00:00:00,61437,50,616,743
590,2021-07-14T00:00:00,61438,56,1191,842
591,2021-07-14T00:00:00,61439,29,258,215
592,2021-07-14T00:00:00,61440,55,1148,695
593,2021-07-14T00:00:00,61441,99,1266,955
594,2021-07-14T00:00:00,61442,59,713,657
595,2021-07-14T00:00:00,61443,1654,25928,13736
596,2021-07-14T00:00:00,61447,75,826,1069
597,2021-07-14T00:00:00,61448,460,6808,3814
598,2021-07-14T00:00:00,61449,34,451,299
599,2021-07-14T00:00:00,61450,159,1684,1662
600,2021-07-14T00:00:00,61451,38,423,333
601,2021-07-14T00:00:00,61452,29,390,216
602,2021-07-14T00:00:00,61453,60,664,557
603,2021-07-14T00:00:00,61454,51,828,484
604,2021-07-14T00:00:00,61455,2001,40395,20294
605,2021-07-14T00:00:00,61458,73,1003,636
606,2021-07-14T00:00:00,61459,20,410,388
607,2021-07-14T00:00:00,61460,19,410,313
608,2021-07-14T00:00:00,61462,1278,16119,11435
609,2021-07-14T00:00:00,61465,92,1045,1162
610,2021-07-14T00:00:00,61466,29,294,295
611,2021-07-14T00:00:00,61467,113,1085,1107
612,2021-07-14T00:00:00,61469,154,1741,2213
613,2021-07-14T00:00:00,61470,54,931,499
614,2021-07-14T00:00:00,61471,14,85,114
615,2021-07-14T00:00:00,61472,56,560,608
616,2021-07-14T00:00:00,61473,119,2063,1429
617,2021-07-14T00:00:00,61474,30,308,257
618,2021-07-14T00:00:00,61475,11,194,249
619,2021-07-14T00:00:00,61476,30,504,433
620,2021-07-14T00:00:00,61477,57,1045,511
621,2021-07-14T00:00:00,61478,26,197,293
622,2021-07-14T00:00:00,61479,10,153,59
623,2021-07-14T00:00:00,61480,131,2715,1171
624,2021-07-14T00:00:00,61482,99,1131,598
625,2021-07-14T00:00:00,61483,247,4939,1923
626,2021-07-14T00:00:00,61484,75,1231,880
627,2021-07-14T00:00:00,61485,55,652,433
628,2021-07-14T00:00:00,61486,129,1483,1514
629,2021-07-14T00:00:00,61488,113,1269,1149
630,2021-07-14T00:00:00,61489,110,1187,767
631,2021-07-14T00:00:00,61490,78,1017,1082
632,2021-07-14T00:00:00,61491,241,3244,1922
633,2021-07-14T00:00:00,61501,189,2676,1545
634,2021-07-14T00:00:00,61516,73,1237,784
635,2021-07-14T00:00:00,61517,401,4322,3439
636,2021-07-14T00:00:00,61519,30,444,246
637,2021-07-14T00:00:00,61520,2159,59929,16703
638,2021-07-14T00:00:00,61523,1146,20179,11055
639,2021-07-14T00:00:00,61524,15,577,300
640,2021-07-14T00:00:00,61525,1237,18633,8912
641,2021-07-14T00:00:00,61526,120,2011,743
642,2021-07-14T00:00:00,61528,343,5026,2987
643,2021-07-14T00:00:00,61529,305,4350,2809
644,2021-07-14T00:00:00,61530,882,17510,6931
645,2021-07-14T00:00:00,61531,356,8271,3285
646,2021-07-14T00:00:00,61532,50,1101,588
647,2021-07-14T00:00:00,61533,278,2958,2360
648,2021-07-14T00:00:00,61534,150,2284,1835
649,2021-07-14T00:00:00,61535,214,2699,2003
650,2021-07-14T00:00:00,61536,353,4288,2866
651,2021-07-14T00:00:00,61537,253,6027,2904
652,2021-07-14T00:00:00,61539,19,191,173
653,2021-07-14T00:00:00,61540,201,4922,2680
654,2021-07-14T00:00:00,61541,13,193,76
655,2021-07-14T00:00:00,61542,401,6060,3602
656,2021-07-14T00:00:00,61543,8,197,137
657,2021-07-14T00:00:00,61544,39,1207,724
658,2021-07-14T00:00:00,61545,85,996,697
659,2021-07-14T00:00:00,61546,455,7830,3605
660,2021-07-14T00:00:00,61547,511,6310,4047
661,2021-07-14T00:00:00,61548,1619,24135,12171
662,2021-07-14T00:00:00,61550,2569,37959,17805
663,2021-07-14T00:00:00,61552,20,437,191
664,2021-07-14T00:00:00,61553,22,551,161
665,2021-07-14T00:00:00,61554,5244,77546,41661
666,2021-07-14T00:00:00,61559,384,4349,3223
667,2021-07-14T00:00:00,61560,55,812,594
668,2021-07-14T00:00:00,61561,331,6657,2507
669,2021-07-14T00:00:00,61563,42,1070,509
670,2021-07-14T00:00:00,61564,138,1635,1082
671,2021-07-14T00:00:00,61565,119,1696,1460
672,2021-07-14T00:00:00,61567,51,1570,506
673,2021-07-14T00:00:00,61568,650,6795,4352
674,2021-07-14T00:00:00,61569,111,1691,1225
675,2021-07-14T00:00:00,61570,145,3333,1946
676,2021-07-14T00:00:00,61571,3155,45504,24903
677,2021-07-14T00:00:00,61572,137,1338,1290
678,2021-07-14T00:00:00,61602,124,4264,828
679,2021-07-14T00:00:00,61603,2207,28849,16695
680,2021-07-14T00:00:00,61604,4300,70221,29606
681,2021-07-14T00:00:00,61605,1902,25785,15195
682,2021-07-14T00:00:00,61606,755,11743,7919
683,2021-07-14T00:00:00,61607,1417,17318,10766
684,2021-07-14T00:00:00,61610,650,8101,5213
685,2021-07-14T00:00:00,61611,3092,47834,24303
686,2021-07-14T00:00:00,61614,3657,64879,28207
687,2021-07-14T00:00:00,61615,2853,45864,23219
688,2021-07-14T00:00:00,61616,835,20519,5860
689,2021-07-14T00:00:00,61625,64,201,378
690,2021-07-14T00:00:00,61701,3543,82081,35669
691,2021-07-14T00:00:00,61704,3613,65448,36612
692,2021-07-14T00:00:00,61705,1454,27054,12935
693,2021-07-14T00:00:00,61720,24,439,215
694,2021-07-14T00:00:00,61721,63,968,574
695,2021-07-14T00:00:00,61722,51,761,525
696,2021-07-14T00:00:00,61723,249,3855,2689
697,2021-07-14T00:00:00,61724,41,813,578
698,2021-07-14T00:00:00,61725,164,2383,1726
699,2021-07-14T00:00:00,61726,271,4977,2476
700,2021-07-14T00:00:00,61727,1019,16497,9742
701,2021-07-14T00:00:00,61728,141,2530,1365
702,2021-07-14T00:00:00,61729,204,1893,1149
703,2021-07-14T00:00:00,61730,34,493,513
704,2021-07-14T00:00:00,61731,25,355,183
705,2021-07-14T00:00:00,61732,266,3610,2024
706,2021-07-14T00:00:00,61733,148,1946,793
707,2021-07-14T00:00:00,61734,328,3838,2792
708,2021-07-14T00:00:00,61735,32,567,361
709,2021-07-14T00:00:00,61736,223,3721,1874
710,2021-07-14T00:00:00,61737,51,722,490
711,2021-07-14T00:00:00,61738,588,9542,4391
712,2021-07-14T00:00:00,61739,626,10881,4614
713,2021-07-14T00:00:00,61740,244,3552,1482
714,2021-07-14T00:00:00,61741,224,2955,1643
715,2021-07-14T00:00:00,61742,145,2059,1263
716,2021-07-14T00:00:00,61743,40,319,186
717,2021-07-14T00:00:00,61744,222,3245,1923
718,2021-07-14T00:00:00,61745,479,7202,4658
719,2021-07-14T00:00:00,61747,145,5132,1439
720,2021-07-14T00:00:00,61748,292,4715,2652
721,2021-07-14T00:00:00,61749,61,851,535
722,2021-07-14T00:00:00,61751,8,185,93
723,2021-07-14T00:00:00,61752,407,7340,4346
724,2021-07-14T00:00:00,61753,328,4679,3083
725,2021-07-14T00:00:00,61754,131,1821,1016
726,2021-07-14T00:00:00,61755,615,7654,4783
727,2021-07-14T00:00:00,61756,199,3123,2313
728,2021-07-14T00:00:00,61759,212,2289,1588
729,2021-07-14T00:00:00,61760,272,5466,2306
730,2021-07-14T00:00:00,61761,6481,146362,55152
731,2021-07-14T00:00:00,61764,1937,70591,13732
732,2021-07-14T00:00:00,61769,67,1367,640
733,2021-07-14T00:00:00,61770,83,1590,1046
734,2021-07-14T00:00:00,61771,102,1525,855
735,2021-07-14T00:00:00,61772,43,568,239
736,2021-07-14T00:00:00,61773,61,916,421
737,2021-07-14T00:00:00,61774,94,1499,979
738,2021-07-14T00:00:00,61775,49,466,339
739,2021-07-14T00:00:00,61776,150,2124,1216
740,2021-07-14T00:00:00,61777,112,1521,780
741,2021-07-14T00:00:00,61778,58,714,649
742,2021-07-14T00:00:00,61801,1942,580675,31312
743,2021-07-14T00:00:00,61802,1844,123911,19509
744,2021-07-14T00:00:00,61810,29,1007,285
745,2021-07-14T00:00:00,61811,83,992,709
746,2021-07-14T00:00:00,61812,38,683,387
747,2021-07-14T00:00:00,61813,171,3884,1598
748,2021-07-14T00:00:00,61814,157,2296,1072
749,2021-07-14T00:00:00,61815,20,1090,261
750,2021-07-14T00:00:00,61816,57,1257,483
751,2021-07-14T00:00:00,61817,369,4694,2528
752,2021-07-14T00:00:00,61818,202,2762,1814
753,2021-07-14T00:00:00,61820,5896,1166598,38393
754,2021-07-14T00:00:00,61821,2709,188829,31207
755,2021-07-14T00:00:00,61822,2086,159954,25530
756,2021-07-14T00:00:00,61830,32,735,390
757,2021-07-14T00:00:00,61831,17,211,139
758,2021-07-14T00:00:00,61832,4063,64742,34421
759,2021-07-14T00:00:00,61833,240,3912,2261
760,2021-07-14T00:00:00,61834,1786,45964,8625
761,2021-07-14T00:00:00,61839,32,1096,664
762,2021-07-14T00:00:00,61840,70,3333,619
763,2021-07-14T00:00:00,61841,173,2150,1278
764,2021-07-14T00:00:00,61842,226,5357,2765
765,2021-07-14T00:00:00,61843,247,7770,2494
766,2021-07-14T00:00:00,61844,112,1795,755
767,2021-07-14T00:00:00,61845,40,1199,324
768,2021-07-14T00:00:00,61846,530,7454,4900
769,2021-07-14T00:00:00,61847,197,7215,1365
770,2021-07-14T00:00:00,61848,34,496,242
771,2021-07-14T00:00:00,61849,122,5796,1903
772,2021-07-14T00:00:00,61850,67,765,450
773,2021-07-14T00:00:00,61851,21,1670,334
774,2021-07-14T00:00:00,61852,13,798,222
775,2021-07-14T00:00:00,61853,1316,65232,13875
776,2021-07-14T00:00:00,61854,142,2833,1193
777,2021-07-14T00:00:00,61856,705,18780,7771
778,2021-07-14T00:00:00,61857,24,289,144
779,2021-07-14T00:00:00,61858,369,5142,2980
780,2021-07-14T00:00:00,61859,120,5106,1276
781,2021-07-14T00:00:00,61862,68,1267,564
782,2021-07-14T00:00:00,61863,82,4998,872
783,2021-07-14T00:00:00,61864,195,8720,1770
784,2021-07-14T00:00:00,61865,162,2325,1642
785,2021-07-14T00:00:00,61866,1757,37125,14163
786,2021-07-14T00:00:00,61870,128,1965,1265
787,2021-07-14T00:00:00,61871,45,857,314
788,2021-07-14T00:00:00,61872,47,2778,589
789,2021-07-14T00:00:00,61873,692,26347,6308
790,2021-07-14T00:00:00,61874,678,86559,7982
791,2021-07-14T00:00:00,61875,69,2957,986
792,2021-07-14T00:00:00,61876,90,1002,636
793,2021-07-14T00:00:00,61877,158,7140,1792
794,2021-07-14T00:00:00,61878,107,3970,1224
795,2021-07-14T00:00:00,61880,544,21734,4075
796,2021-07-14T00:00:00,61882,44,964,653
797,2021-07-14T00:00:00,61883,615,7170,4289
798,2021-07-14T00:00:00,61884,104,2428,1031
799,2021-07-14T00:00:00,61910,823,7679,4477
800,2021-07-14T00:00:00,61911,443,3978,5330
801,2021-07-14T00:00:00,61912,118,1432,1176
802,2021-07-14T00:00:00,61913,159,2384,1410
803,2021-07-14T00:00:00,61914,196,2543,1817
804,2021-07-14T00:00:00,61917,76,629,632
805,2021-07-14T00:00:00,61919,94,1515,906
806,2021-07-14T00:00:00,61920,2547,44171,23839
807,2021-07-14T00:00:00,61924,246,4041,2299
808,2021-07-14T00:00:00,61925,100,1197,776
809,2021-07-14T00:00:00,61928,92,895,596
810,2021-07-14T00:00:00,61929,56,982,679
811,2021-07-14T00:00:00,61930,64,530,859
812,2021-07-14T00:00:00,61931,128,1518,1190
813,2021-07-14T00:00:00,61932,30,491,442
814,2021-07-14T00:00:00,61933,82,858,872
815,2021-07-14T00:00:00,61936,23,349,297
816,2021-07-14T00:00:00,61937,176,2612,1967
817,2021-07-14T00:00:00,61938,2600,39203,21727
818,2021-07-14T00:00:00,61940,23,173,253
819,2021-07-14T00:00:00,61942,112,2310,898
820,2021-07-14T00:00:00,61943,190,1512,1630
821,2021-07-14T00:00:00,61944,1242,9642,12311
822,2021-07-14T00:00:00,61951,955,18795,7817
823,2021-07-14T00:00:00,61953,787,14832,6019
824,2021-07-14T00:00:00,61955,20,117,189
825,2021-07-14T00:00:00,61956,376,5563,2749
826,2021-07-14T00:00:00,61957,196,2357,1789
827,2021-07-14T00:00:00,62001,220,4577,1669
828,2021-07-14T00:00:00,62002,3691,43002,31087
829,2021-07-14T00:00:00,62006,70,772,442
830,2021-07-14T00:00:00,62009,155,2898,1720
831,2021-07-14T00:00:00,62010,1380,14151,11409
832,2021-07-14T00:00:00,62011,31,465,224
833,2021-07-14T00:00:00,62012,795,7182,6510
834,2021-07-14T00:00:00,62013,58,503,619
835,2021-07-14T00:00:00,62014,367,3880,4063
836,2021-07-14T00:00:00,62015,65,573,690
837,2021-07-14T00:00:00,62016,442,3677,3572
838,2021-07-14T00:00:00,62017,116,1514,927
839,2021-07-14T00:00:00,62018,333,3541,3017
840,2021-07-14T00:00:00,62019,40,619,298
841,2021-07-14T00:00:00,62021,89,802,1207
842,2021-07-14T00:00:00,62022,131,1157,1103
843,2021-07-14T00:00:00,62024,962,10263,9799
844,2021-07-14T00:00:00,62025,3859,44687,34960
845,2021-07-14T00:00:00,62027,46,434,589
846,2021-07-14T00:00:00,62028,43,660,1119
847,2021-07-14T00:00:00,62031,100,840,800
848,2021-07-14T00:00:00,62032,102,1168,749
849,2021-07-14T00:00:00,62033,565,10771,4539
850,2021-07-14T00:00:00,62034,1531,19814,13487
851,2021-07-14T00:00:00,62035,2125,23124,16080
852,2021-07-14T00:00:00,62036,77,604,706
853,2021-07-14T00:00:00,62037,202,3529,1990
854,2021-07-14T00:00:00,62040,4743,39105,42149
855,2021-07-14T00:00:00,62044,186,1963,2262
856,2021-07-14T00:00:00,62045,30,624,533
857,2021-07-14T00:00:00,62046,117,891,709
858,2021-07-14T00:00:00,62047,183,2757,1691
859,2021-07-14T00:00:00,62048,138,1304,1965
860,2021-07-14T00:00:00,62049,1667,45979,8513
861,2021-07-14T00:00:00,62050,33,439,376
862,2021-07-14T00:00:00,62051,98,1308,687
863,2021-07-14T00:00:00,62052,1725,24061,12418
864,2021-07-14T00:00:00,62053,67,816,550
865,2021-07-14T00:00:00,62054,95,760,606
866,2021-07-14T00:00:00,62056,883,19302,8507
867,2021-07-14T00:00:00,62058,76,920,704
868,2021-07-14T00:00:00,62059,43,659,411
869,2021-07-14T00:00:00,62060,438,4130,4135
870,2021-07-14T00:00:00,62061,217,1825,1631
871,2021-07-14T00:00:00,62062,1000,18543,8078
872,2021-07-14T00:00:00,62063,130,1234,991
873,2021-07-14T00:00:00,62067,322,2428,2202
874,2021-07-14T00:00:00,62069,328,4794,3184
875,2021-07-14T00:00:00,62074,107,1317,1068
876,2021-07-14T00:00:00,62075,361,4791,3595
877,2021-07-14T00:00:00,62076,9,119,122
878,2021-07-14T00:00:00,62077,33,456,288
879,2021-07-14T00:00:00,62079,46,262,323
880,2021-07-14T00:00:00,62080,286,3758,2355
881,2021-07-14T00:00:00,62081,17,343,318
882,2021-07-14T00:00:00,62082,284,3144,2742
883,2021-07-14T00:00:00,62083,26,224,167
884,2021-07-14T00:00:00,62084,172,1572,1511
885,2021-07-14T00:00:00,62085,16,356,162
886,2021-07-14T00:00:00,62086,144,1634,1224
887,2021-07-14T00:00:00,62087,188,1803,2073
888,2021-07-14T00:00:00,62088,760,11666,6647
889,2021-07-14T00:00:00,62089,40,742,439
890,2021-07-14T00:00:00,62090,103,988,1417
891,2021-07-14T00:00:00,62091,44,446,399
892,2021-07-14T00:00:00,62092,400,4353,2894
893,2021-07-14T00:00:00,62093,44,698,434
894,2021-07-14T00:00:00,62094,93,1537,1104
895,2021-07-14T00:00:00,62095,1307,17127,10471
896,2021-07-14T00:00:00,62097,307,3052,2893
897,2021-07-14T00:00:00,62201,642,6253,6853
898,2021-07-14T00:00:00,62203,720,13838,8366
899,2021-07-14T00:00:00,62204,465,5842,8133
900,2021-07-14T00:00:00,62205,742,8935,7781
901,2021-07-14T00:00:00,62206,1552,20183,15046
902,2021-07-14T00:00:00,62207,708,7744,9090
903,2021-07-14T00:00:00,62208,1839,20753,16544
904,2021-07-14T00:00:00,62214,135,1154,1332
905,2021-07-14T00:00:00,62215,271,2371,2103
906,2021-07-14T00:00:00,62216,586,6187,2736
907,2021-07-14T00:00:00,62217,93,893,773
908,2021-07-14T00:00:00,62218,273,2083,1713
909,2021-07-14T00:00:00,62219,141,1256,1170
910,2021-07-14T00:00:00,62220,2301,25034,17722
911,2021-07-14T00:00:00,62221,3055,33323,30301
912,2021-07-14T00:00:00,62223,1968,24324,16004
913,2021-07-14T00:00:00,62225,167,2525,5209
914,2021-07-14T00:00:00,62226,3532,47056,28914
915,2021-07-14T00:00:00,62230,1200,12141,6308
916,2021-07-14T00:00:00,62231,1062,11905,7313
917,2021-07-14T00:00:00,62232,967,13816,6828
918,2021-07-14T00:00:00,62233,1091,19808,9521
919,2021-07-14T00:00:00,62234,3743,34918,32474
920,2021-07-14T00:00:00,62236,1700,13416,14067
921,2021-07-14T00:00:00,62237,338,7841,2398
922,2021-07-14T00:00:00,62238,67,793,632
923,2021-07-14T00:00:00,62239,524,4237,4595
924,2021-07-14T00:00:00,62240,179,1290,1507
925,2021-07-14T00:00:00,62241,128,2240,878
926,2021-07-14T00:00:00,62242,150,2075,1365
927,2021-07-14T00:00:00,62243,814,11091,5757
928,2021-07-14T00:00:00,62244,116,760,1006
929,2021-07-14T00:00:00,62245,276,2495,1795
930,2021-07-14T00:00:00,62246,1302,30648,9964
931,2021-07-14T00:00:00,62248,56,529,396
932,2021-07-14T00:00:00,62249,2235,24879,15574
933,2021-07-14T00:00:00,62250,52,667,468
934,2021-07-14T00:00:00,62253,57,939,544
935,2021-07-14T00:00:00,62254,841,12510,6189
936,2021-07-14T00:00:00,62255,89,866,1332
937,2021-07-14T00:00:00,62257,366,3572,2416
938,2021-07-14T00:00:00,62258,1138,14629,9491
939,2021-07-14T00:00:00,62260,860,7102,7537
940,2021-07-14T00:00:00,62261,29,199,52
941,2021-07-14T00:00:00,62262,228,2132,1619
942,2021-07-14T00:00:00,62263,702,5593,4912
943,2021-07-14T00:00:00,62264,380,4078,3754
944,2021-07-14T00:00:00,62265,552,9255,4072
945,2021-07-14T00:00:00,62266,25,250,102
946,2021-07-14T00:00:00,62268,66,789,861
947,2021-07-14T00:00:00,62269,3589,44126,31567
948,2021-07-14T00:00:00,62271,225,2092,1994
949,2021-07-14T00:00:00,62272,205,2291,1859
950,2021-07-14T00:00:00,62273,41,458,147
951,2021-07-14T00:00:00,62274,1605,42248,7699
952,2021-07-14T00:00:00,62275,420,4018,3824
953,2021-07-14T00:00:00,62277,139,1595,1197
954,2021-07-14T00:00:00,62278,1055,11153,6426
955,2021-07-14T00:00:00,62279,6,80,0
956,2021-07-14T00:00:00,62280,27,569,550
957,2021-07-14T00:00:00,62281,431,3130,2856
958,2021-07-14T00:00:00,62282,73,611,389
959,2021-07-14T00:00:00,62284,70,863,574
960,2021-07-14T00:00:00,62285,606,6432,4510
961,2021-07-14T00:00:00,62286,798,11980,6230
962,2021-07-14T00:00:00,62288,429,5948,2891
963,2021-07-14T00:00:00,62289,56,449,330
964,2021-07-14T00:00:00,62292,56,1157,895
965,2021-07-14T00:00:00,62293,635,7193,4437
966,2021-07-14T00:00:00,62294,1964,16430,14156
967,2021-07-14T00:00:00,62295,173,1243,1493
968,2021-07-14T00:00:00,62297,44,612,452
969,2021-07-14T00:00:00,62298,2264,29133,16826
970,2021-07-14T00:00:00,62301,4465,113266,32350
971,2021-07-14T00:00:00,62305,2613,26647,19081
972,2021-07-14T00:00:00,62311,76,1053,701
973,2021-07-14T00:00:00,62312,282,3045,1951
974,2021-07-14T00:00:00,62313,38,360,372
975,2021-07-14T00:00:00,62314,53,705,479
976,2021-07-14T00:00:00,62316,103,934,662
977,2021-07-14T00:00:00,62320,351,3949,2494
978,2021-07-14T00:00:00,62321,413,4867,3806
979,2021-07-14T00:00:00,62323,17,378,241
980,2021-07-14T00:00:00,62324,137,1968,1112
981,2021-07-14T00:00:00,62325,50,330,501
982,2021-07-14T00:00:00,62326,204,3389,2510
983,2021-07-14T00:00:00,62330,114,1130,1786
984,2021-07-14T00:00:00,62334,9,167,167
985,2021-07-14T00:00:00,62338,145,1667,1401
986,2021-07-14T00:00:00,62339,126,1815,829
987,2021-07-14T00:00:00,62340,166,2209,1906
988,2021-07-14T00:00:00,62341,361,4321,3425
989,2021-07-14T00:00:00,62343,74,602,860
990,2021-07-14T00:00:00,62344,9,258,5
991,2021-07-14T00:00:00,62345,35,221,382
992,2021-07-14T00:00:00,62346,25,213,160
993,2021-07-14T00:00:00,62347,261,2872,1992
994,2021-07-14T00:00:00,62349,76,714,695
995,2021-07-14T00:00:00,62351,232,2092,1708
996,2021-07-14T00:00:00,62352,23,249,289
997,2021-07-14T00:00:00,62353,649,28426,5224
998,2021-07-14T00:00:00,62354,164,1126,1484
999,2021-07-14T00:00:00,62355,83,872,745
1000,2021-07-14T00:00:00,62356,68,582,402
1001,2021-07-14T00:00:00,62357,23,235,462
1002,2021-07-14T00:00:00,62358,61,512,779
1003,2021-07-14T00:00:00,62359,17,228,159
1004,2021-07-14T00:00:00,62360,234,2719,1651
1005,2021-07-14T00:00:00,62361,24,699,362
1006,2021-07-14T00:00:00,62362,43,467,303
1007,2021-07-14T00:00:00,62363,848,10198,5694
1008,2021-07-14T00:00:00,62365,73,649,477
1009,2021-07-14T00:00:00,62366,148,1487,1637
1010,2021-07-14T00:00:00,62367,73,1530,1021
1011,2021-07-14T00:00:00,62370,45,534,407
1012,2021-07-14T00:00:00,62373,37,279,203
1013,2021-07-14T00:00:00,62374,19,488,337
1014,2021-07-14T00:00:00,62375,40,474,335
1015,2021-07-14T00:00:00,62376,139,1517,1110
1016,2021-07-14T00:00:00,62378,65,1042,1047
1017,2021-07-14T00:00:00,62379,220,2133,1947
1018,2021-07-14T00:00:00,62380,32,372,552
1019,2021-07-14T00:00:00,62401,2735,25641,18886
1020,2021-07-14T00:00:00,62410,78,992,1377
1021,2021-07-14T00:00:00,62411,511,6381,4145
1022,2021-07-14T00:00:00,62413,53,344,277
1023,2021-07-14T00:00:00,62414,238,2140,1888
1024,2021-07-14T00:00:00,62417,335,5513,2920
1025,2021-07-14T00:00:00,62418,283,3165,2180
1026,2021-07-14T00:00:00,62419,39,488,185
1027,2021-07-14T00:00:00,62420,603,7249,4675
1028,2021-07-14T00:00:00,62421,70,805,593
1029,2021-07-14T00:00:00,62422,131,1282,1014
1030,2021-07-14T00:00:00,62423,61,444,642
1031,2021-07-14T00:00:00,62424,320,2130,2421
1032,2021-07-14T00:00:00,62425,55,766,431
1033,2021-07-14T00:00:00,62426,88,989,891
1034,2021-07-14T00:00:00,62427,122,1734,1781
1035,2021-07-14T00:00:00,62428,343,4172,2915
1036,2021-07-14T00:00:00,62431,113,1120,1030
1037,2021-07-14T00:00:00,62432,74,617,521
1038,2021-07-14T00:00:00,62433,112,1413,994
1039,2021-07-14T00:00:00,62434,35,301,365
1040,2021-07-14T00:00:00,62436,69,580,713
1041,2021-07-14T00:00:00,62438,22,322,334
1042,2021-07-14T00:00:00,62439,758,9613,7107
1043,2021-07-14T00:00:00,62440,133,1643,1288
1044,2021-07-14T00:00:00,62441,835,7840,6707
1045,2021-07-14T00:00:00,62442,258,2304,2643
1046,2021-07-14T00:00:00,62443,191,1470,1538
1047,2021-07-14T00:00:00,62444,39,280,370
1048,2021-07-14T00:00:00,62445,125,912,1278
1049,2021-07-14T00:00:00,62446,47,395,372
1050,2021-07-14T00:00:00,62447,436,5248,3366
1051,2021-07-14T00:00:00,62448,787,9330,5383
1052,2021-07-14T00:00:00,62449,341,4494,2963
1053,2021-07-14T00:00:00,62450,1416,24549,12216
1054,2021-07-14T00:00:00,62451,194,2602,1958
1055,2021-07-14T00:00:00,62452,36,415,293
1056,2021-07-14T00:00:00,62454,1316,28587,11166
1057,2021-07-14T00:00:00,62458,338,5640,2077
1058,2021-07-14T00:00:00,62459,22,354,344
1059,2021-07-14T00:00:00,62460,109,950,1297
1060,2021-07-14T00:00:00,62461,115,971,724
1061,2021-07-14T00:00:00,62462,113,803,942
1062,2021-07-14T00:00:00,62463,135,1278,1230
1063,2021-07-14T00:00:00,62465,100,871,960
1064,2021-07-14T00:00:00,62466,1201,57492,4605
1065,2021-07-14T00:00:00,62467,581,3359,4259
1066,2021-07-14T00:00:00,62468,286,3125,2492
1067,2021-07-14T00:00:00,62469,61,517,517
1068,2021-07-14T00:00:00,62471,1700,20173,10306
1069,2021-07-14T00:00:00,62473,176,1300,1262
1070,2021-07-14T00:00:00,62474,78,937,897
1071,2021-07-14T00:00:00,62475,29,326,503
1072,2021-07-14T00:00:00,62476,127,1264,1533
1073,2021-07-14T00:00:00,62477,83,834,732
1074,2021-07-14T00:00:00,62478,37,331,409
1075,2021-07-14T00:00:00,62479,108,1021,1027
1076,2021-07-14T00:00:00,62480,56,960,485
1077,2021-07-14T00:00:00,62481,25,441,485
1078,2021-07-14T00:00:00,62501,235,3803,2585
1079,2021-07-14T00:00:00,62510,165,2005,1496
1080,2021-07-14T00:00:00,62512,39,715,456
1081,2021-07-14T00:00:00,62513,122,2251,1724
1082,2021-07-14T00:00:00,62514,23,210,305
1083,2021-07-14T00:00:00,62515,79,1547,1164
1084,2021-07-14T00:00:00,62517,15,421,214
1085,2021-07-14T00:00:00,62518,33,778,159
1086,2021-07-14T00:00:00,62519,7,148,90
1087,2021-07-14T00:00:00,62520,136,2202,1576
1088,2021-07-14T00:00:00,62521,3687,56007,35261
1089,2021-07-14T00:00:00,62522,1368,22997,15379
1090,2021-07-14T00:00:00,62523,96,2014,1382
1091,2021-07-14T00:00:00,62526,3264,60392,31544
1092,2021-07-14T00:00:00,62530,131,2131,1356
1093,2021-07-14T00:00:00,62531,190,2393,1647
1094,2021-07-14T00:00:00,62532,13,90,70
1095,2021-07-14T00:00:00,62533,83,1134,776
1096,2021-07-14T00:00:00,62534,117,1549,1307
1097,2021-07-14T00:00:00,62535,482,10584,3011
1098,2021-07-14T00:00:00,62536,62,1439,667
1099,2021-07-14T00:00:00,62537,11,256,80
1100,2021-07-14T00:00:00,62538,28,321,537
1101,2021-07-14T00:00:00,62539,128,1788,1247
1102,2021-07-14T00:00:00,62540,134,1872,1549
1103,2021-07-14T00:00:00,62543,41,728,483
1104,2021-07-14T00:00:00,62544,181,3394,1677
1105,2021-07-14T00:00:00,62545,122,1747,1158
1106,2021-07-14T00:00:00,62546,156,1917,1740
1107,2021-07-14T00:00:00,62547,65,932,992
1108,2021-07-14T00:00:00,62548,269,6049,2443
1109,2021-07-14T00:00:00,62549,830,10535,6354
1110,2021-07-14T00:00:00,62550,335,3978,2790
1111,2021-07-14T00:00:00,62551,75,1132,743
1112,2021-07-14T00:00:00,62553,53,538,528
1113,2021-07-14T00:00:00,62554,150,2466,1290
1114,2021-07-14T00:00:00,62555,30,547,456
1115,2021-07-14T00:00:00,62556,33,409,344
1116,2021-07-14T00:00:00,62557,838,12425,7127
1117,2021-07-14T00:00:00,62558,359,5191,3341
1118,2021-07-14T00:00:00,62560,164,2089,1355
1119,2021-07-14T00:00:00,62561,538,8242,5405
1120,2021-07-14T00:00:00,62563,585,9438,5567
1121,2021-07-14T00:00:00,62565,801,13717,7046
1122,2021-07-14T00:00:00,62567,109,1193,1030
1123,2021-07-14T00:00:00,62568,2030,35001,15612
1124,2021-07-14T00:00:00,62570,43,746,454
1125,2021-07-14T00:00:00,62571,112,1589,1628
1126,2021-07-14T00:00:00,62572,33,620,488
1127,2021-07-14T00:00:00,62573,147,2053,1803
1128,2021-07-14T00:00:00,62601,42,572,293
1129,2021-07-14T00:00:00,62610,19,307,119
1130,2021-07-14T00:00:00,62611,103,1108,1108
1131,2021-07-14T00:00:00,62612,233,3180,1832
1132,2021-07-14T00:00:00,62613,417,6070,3862
1133,2021-07-14T00:00:00,62615,614,10068,5519
1134,2021-07-14T00:00:00,62617,72,1052,659
1135,2021-07-14T00:00:00,62618,1405,13595,7238
1136,2021-07-14T00:00:00,62621,89,1645,1286
1137,2021-07-14T00:00:00,62624,48,734,427
1138,2021-07-14T00:00:00,62625,114,1218,759
1139,2021-07-14T00:00:00,62626,995,20033,7603
1140,2021-07-14T00:00:00,62627,127,1658,910
1141,2021-07-14T00:00:00,62628,89,1211,735
1142,2021-07-14T00:00:00,62629,1390,26721,14597
1143,2021-07-14T00:00:00,62630,57,546,430
1144,2021-07-14T00:00:00,62631,31,282,261
1145,2021-07-14T00:00:00,62633,87,1130,562
1146,2021-07-14T00:00:00,62634,88,1433,843
1147,2021-07-14T00:00:00,62635,113,1291,666
1148,2021-07-14T00:00:00,62638,132,1683,1242
1149,2021-07-14T00:00:00,62639,24,491,294
1150,2021-07-14T00:00:00,62640,274,5313,3668
1151,2021-07-14T00:00:00,62642,139,2344,1334
1152,2021-07-14T00:00:00,62643,64,831,490
1153,2021-07-14T00:00:00,62644,587,9260,4921
1154,2021-07-14T00:00:00,62649,51,753,603
1155,2021-07-14T00:00:00,62650,3187,56532,26524
1156,2021-07-14T00:00:00,62655,51,764,367
1157,2021-07-14T00:00:00,62656,2971,82319,19280
1158,2021-07-14T00:00:00,62661,114,1546,1646
1159,2021-07-14T00:00:00,62663,18,299,258
1160,2021-07-14T00:00:00,62664,367,5740,3182
1161,2021-07-14T00:00:00,62665,101,1824,1399
1162,2021-07-14T00:00:00,62666,59,1002,580
1163,2021-07-14T00:00:00,62667,46,634,486
1164,2021-07-14T00:00:00,62668,133,1579,1349
1165,2021-07-14T00:00:00,62670,348,4645,2784
1166,2021-07-14T00:00:00,62671,43,952,596
1167,2021-07-14T00:00:00,62672,22,301,176
1168,2021-07-14T00:00:00,62673,49,699,416
1169,2021-07-14T00:00:00,62674,90,1589,1393
1170,2021-07-14T00:00:00,62675,603,11658,5943
1171,2021-07-14T00:00:00,62677,218,3908,2295
1172,2021-07-14T00:00:00,62681,646,13903,5501
1173,2021-07-14T00:00:00,62682,105,1401,963
1174,2021-07-14T00:00:00,62684,771,11187,5840
1175,2021-07-14T00:00:00,62685,200,2367,2310
1176,2021-07-14T00:00:00,62688,58,1039,699
1177,2021-07-14T00:00:00,62689,38,854,567
1178,2021-07-14T00:00:00,62690,393,9440,3957
1179,2021-07-14T00:00:00,62691,287,4013,2020
1180,2021-07-14T00:00:00,62692,190,2767,2152
1181,2021-07-14T00:00:00,62693,196,2571,1565
1182,2021-07-14T00:00:00,62694,335,6711,3018
1183,2021-07-14T00:00:00,62695,60,743,200
1184,2021-07-14T00:00:00,62701,86,4729,1147
1185,2021-07-14T00:00:00,62702,3143,67240,33563
1186,2021-07-14T00:00:00,62703,2932,69115,29830
1187,2021-07-14T00:00:00,62704,3295,70656,40672
1188,2021-07-14T00:00:00,62707,782,16038,7097
1189,2021-07-14T00:00:00,62711,1891,35042,16880
1190,2021-07-14T00:00:00,62712,1080,18445,10395
1191,2021-07-14T00:00:00,62801,2734,78616,21185
1192,2021-07-14T00:00:00,62803,123,1017,1142
1193,2021-07-14T00:00:00,62806,323,2737,3419
1194,2021-07-14T00:00:00,62807,104,1124,768
1195,2021-07-14T00:00:00,62808,158,1513,1490
1196,2021-07-14T00:00:00,62809,35,300,150
1197,2021-07-14T00:00:00,62810,106,784,908
1198,2021-07-14T00:00:00,62811,27,214,290
1199,2021-07-14T00:00:00,62812,1401,19904,10881
1200,2021-07-14T00:00:00,62814,166,1978,2046
1201,2021-07-14T00:00:00,62815,33,309,284
1202,2021-07-14T00:00:00,62816,121,1071,1276
1203,2021-07-14T00:00:00,62817,47,503,433
1204,2021-07-14T00:00:00,62818,33,356,251
1205,2021-07-14T00:00:00,62819,57,595,382
1206,2021-07-14T00:00:00,62820,18,173,183
1207,2021-07-14T00:00:00,62821,998,17677,7145
1208,2021-07-14T00:00:00,62822,295,3915,2960
1209,2021-07-14T00:00:00,62823,183,2477,1681
1210,2021-07-14T00:00:00,62824,167,2065,1888
1211,2021-07-14T00:00:00,62825,18,319,192
1212,2021-07-14T00:00:00,62827,104,1190,1215
1213,2021-07-14T00:00:00,62828,161,1445,1376
1214,2021-07-14T00:00:00,62830,169,1295,1229
1215,2021-07-14T00:00:00,62831,58,575,383
1216,2021-07-14T00:00:00,62832,1170,15590,8785
1217,2021-07-14T00:00:00,62833,37,242,420
1218,2021-07-14T00:00:00,62835,131,1352,962
1219,2021-07-14T00:00:00,62836,81,867,771
1220,2021-07-14T00:00:00,62837,998,11677,8826
1221,2021-07-14T00:00:00,62838,191,1685,1853
1222,2021-07-14T00:00:00,62839,817,9779,6401
1223,2021-07-14T00:00:00,62841,27,418,150
1224,2021-07-14T00:00:00,62842,84,810,743
1225,2021-07-14T00:00:00,62843,8,76,184
1226,2021-07-14T00:00:00,62844,246,2257,2081
1227,2021-07-14T00:00:00,62846,477,20109,2613
1228,2021-07-14T00:00:00,62848,60,912,692
1229,2021-07-14T00:00:00,62849,204,2327,2085
1230,2021-07-14T00:00:00,62850,17,189,348
1231,2021-07-14T00:00:00,62851,35,289,150
1232,2021-07-14T00:00:00,62852,18,146,57
1233,2021-07-14T00:00:00,62853,106,1410,894
1234,2021-07-14T00:00:00,62854,170,1749,1495
1235,2021-07-14T00:00:00,62856,26,343,373
1236,2021-07-14T00:00:00,62858,335,3141,2713
1237,2021-07-14T00:00:00,62859,583,6863,5683
1238,2021-07-14T00:00:00,62860,41,516,561
1239,2021-07-14T00:00:00,62862,25,241,359
1240,2021-07-14T00:00:00,62863,1249,13364,9611
1241,2021-07-14T00:00:00,62864,2799,31076,23498
1242,2021-07-14T00:00:00,62865,265,2596,1977
1243,2021-07-14T00:00:00,62867,47,493,486
1244,2021-07-14T00:00:00,62868,165,2252,1986
1245,2021-07-14T00:00:00,62869,269,2572,2490
1246,2021-07-14T00:00:00,62870,301,4529,2211
1247,2021-07-14T00:00:00,62871,51,559,698
1248,2021-07-14T00:00:00,62872,117,895,1077
1249,2021-07-14T00:00:00,62874,49,428,426
1250,2021-07-14T00:00:00,62875,166,1867,1110
1251,2021-07-14T00:00:00,62876,25,180,184
1252,2021-07-14T00:00:00,62877,43,558,516
1253,2021-07-14T00:00:00,62878,40,386,483
1254,2021-07-14T00:00:00,62880,97,937,712
1255,2021-07-14T00:00:00,62881,1247,20670,10700
1256,2021-07-14T00:00:00,62882,272,3773,2437
1257,2021-07-14T00:00:00,62883,70,765,828
1258,2021-07-14T00:00:00,62884,367,3575,2637
1259,2021-07-14T00:00:00,62885,108,903,659
1260,2021-07-14T00:00:00,62886,37,387,257
1261,2021-07-14T00:00:00,62887,40,352,497
1262,2021-07-14T00:00:00,62888,180,2248,2070
1263,2021-07-14T00:00:00,62889,96,802,885
1264,2021-07-14T00:00:00,62890,257,3100,2737
1265,2021-07-14T00:00:00,62891,72,723,715
1266,2021-07-14T00:00:00,62892,55,450,377
1267,2021-07-14T00:00:00,62893,105,1456,1054
1268,2021-07-14T00:00:00,62894,122,961,1074
1269,2021-07-14T00:00:00,62895,213,1539,1897
1270,2021-07-14T00:00:00,62896,1435,16298,11971
1271,2021-07-14T00:00:00,62897,58,526,406
1272,2021-07-14T00:00:00,62898,212,1667,2184
1273,2021-07-14T00:00:00,62899,127,1628,1815
1274,2021-07-14T00:00:00,62901,2299,44099,26255
1275,2021-07-14T00:00:00,62902,368,5930,4358
1276,2021-07-14T00:00:00,62903,188,3691,3242
1277,2021-07-14T00:00:00,62905,57,816,560
1278,2021-07-14T00:00:00,62906,1189,23714,6582
1279,2021-07-14T00:00:00,62907,213,3153,2007
1280,2021-07-14T00:00:00,62908,55,534,561
1281,2021-07-14T00:00:00,62910,200,1632,2367
1282,2021-07-14T00:00:00,62912,95,1553,1307
1283,2021-07-14T00:00:00,62914,176,2661,2375
1284,2021-07-14T00:00:00,62915,69,869,431
1285,2021-07-14T00:00:00,62916,98,1567,938
1286,2021-07-14T00:00:00,62917,302,5404,2154
1287,2021-07-14T00:00:00,62918,1245,16377,10177
1288,2021-07-14T00:00:00,62919,80,1263,1060
1289,2021-07-14T00:00:00,62920,392,6631,3219
1290,2021-07-14T00:00:00,62921,32,500,332
1291,2021-07-14T00:00:00,62922,311,3496,2764
1292,2021-07-14T00:00:00,62923,44,782,468
1293,2021-07-14T00:00:00,62924,282,4040,2956
1294,2021-07-14T00:00:00,62926,224,3665,2373
1295,2021-07-14T00:00:00,62927,26,452,369
1296,2021-07-14T00:00:00,62928,15,276,192
1297,2021-07-14T00:00:00,62930,614,8370,5915
1298,2021-07-14T00:00:00,62931,136,1538,1484
1299,2021-07-14T00:00:00,62932,162,2624,1400
1300,2021-07-14T00:00:00,62933,183,3621,1160
1301,2021-07-14T00:00:00,62934,87,1090,720
1302,2021-07-14T00:00:00,62935,226,2656,1994
1303,2021-07-14T00:00:00,62938,229,2975,2994
1304,2021-07-14T00:00:00,62939,378,4767,2936
1305,2021-07-14T00:00:00,62940,28,464,308
1306,2021-07-14T00:00:00,62941,73,702,740
1307,2021-07-14T00:00:00,62942,62,654,624
1308,2021-07-14T00:00:00,62943,56,961,372
1309,2021-07-14T00:00:00,62946,1368,22916,12530
1310,2021-07-14T00:00:00,62947,37,523,522
1311,2021-07-14T00:00:00,62948,1452,23623,13248
1312,2021-07-14T00:00:00,62949,66,1033,731
1313,2021-07-14T00:00:00,62950,27,328,204
1314,2021-07-14T00:00:00,62951,577,6763,4604
1315,2021-07-14T00:00:00,62952,409,6762,3144
1316,2021-07-14T00:00:00,62953,29,356,274
1317,2021-07-14T00:00:00,62954,29,482,456
1318,2021-07-14T00:00:00,62956,100,935,940
1319,2021-07-14T00:00:00,62957,69,662,867
1320,2021-07-14T00:00:00,62958,142,2725,2134
1321,2021-07-14T00:00:00,62959,3214,54064,28115
1322,2021-07-14T00:00:00,62960,1072,11125,10755
1323,2021-07-14T00:00:00,62963,40,529,744
1324,2021-07-14T00:00:00,62964,123,1454,1168
1325,2021-07-14T00:00:00,62965,9,89,95
1326,2021-07-14T00:00:00,62966,1507,24470,15049
1327,2021-07-14T00:00:00,62967,37,333,242
1328,2021-07-14T00:00:00,62969,33,479,438
1329,2021-07-14T00:00:00,62970,58,493,685
1330,2021-07-14T00:00:00,62972,107,1906,958
1331,2021-07-14T00:00:00,62974,138,1402,1653
1332,2021-07-14T00:00:00,62975,19,346,169
1333,2021-07-14T00:00:00,62976,43,554,402
1334,2021-07-14T00:00:00,62977,62,716,754
1335,2021-07-14T00:00:00,62979,113,1333,1020
1336,2021-07-14T00:00:00,62982,166,3431,877
1337,2021-07-14T00:00:00,62983,157,2017,1476
1338,2021-07-14T00:00:00,62984,157,1732,1673
1339,2021-07-14T00:00:00,62985,84,1354,610
1340,2021-07-14T00:00:00,62987,100,1572,1494
1341,2021-07-14T00:00:00,62988,115,1810,1444
1342,2021-07-14T00:00:00,62990,77,800,1036
1343,2021-07-14T00:00:00,62992,221,2502,751
1344,2021-07-14T00:00:00,62994,87,1151,678
1345,2021-07-14T00:00:00,62995,746,42453,6034
1346,2021-07-14T00:00:00,62996,69,483,520
1347,2021-07-14T00:00:00,62997,45,1090,617
1348,2021-07-14T00:00:00,62998,35,448,316
1349,2021-07-14T00:00:00,62999,142,1855,1771
